{
  "children" : [
    {
      "uuid" : "Tutorial"
    },
    {
      "uuid" : "019DD99A-E49B-49AF-B975-091AF40829D4"
    },
    {
      "uuid" : "12983542-D742-44CD-B41C-8A0C8866BB39"
    },
    {
      "uuid" : "8AE6009C-EF7A-43A5-9B0F-6DE8A35B8EE1"
    },
    {
      "uuid" : "83D36582-AFCD-4DA7-B66C-B5B531CE168C"
    },
    {
      "uuid" : "C020B904-A196-46BC-A915-F8B5F3F7E85F"
    },
    {
      "uuid" : "1E9800EC-E69F-4832-B179-36CE0B4A8B69"
    },
    {
      "uuid" : "C7FFF610-E4AA-4A93-BA3D-F86629A962CD"
    }
  ],
  "uuid" : "Notebooks"
}